[
  {
    "model": "core.user",
    "pk": 1,
    "fields": {
      "password": "pbkdf2_sha256$260000$IRxnwmqaZm3UH9Hv0yC6u5$NOQEVVluHiaHjxmXCSHFCU3Z/T3KTOt6pP6IA6x2Log=",
      "last_login": "2021-10-06T16:27:46.453Z",
      "is_superuser": true,
      "username": "admin",
      "first_name": "",
      "last_name": "",
      "email": "",
      "is_staff": true,
      "is_active": true,
      "date_joined": "2021-10-06T16:27:28.806Z",
      "groups": [],
      "user_permissions": []
    }
  },
  {
    "model": "core.user",
    "pk": 2,
    "fields": {
      "password": "pbkdf2_sha256$260000$sLhFktGjbqwb5RKZbLu86F$ZyF0Kf37WYYDLLUKd98a0MmaSmTr1hx0mfIrxnG0s40=",
      "last_login": null,
      "is_superuser": false,
      "username": "leroyj",
      "first_name": "Leeroy",
      "last_name": "Jenkins",
      "email": "",
      "is_staff": false,
      "is_active": true,
      "date_joined": "2021-10-06T16:28:08Z",
      "groups": [],
      "user_permissions": []
    }
  },
  {
    "model": "core.user",
    "pk": 3,
    "fields": {
      "password": "pbkdf2_sha256$260000$0aX7IaRZt9baDgGXIZoj29$2LR4tHtx4HzXh6fTsJ+95Za+Sm8u9oaUOQaDyMNLwMU=",
      "last_login": null,
      "is_superuser": false,
      "username": "karenp",
      "first_name": "",
      "last_name": "",
      "email": "",
      "is_staff": false,
      "is_active": true,
      "date_joined": "2021-10-06T16:29:08Z",
      "groups": [],
      "user_permissions": []
    }
  },
  {
    "model": "core.user",
    "pk": 4,
    "fields": {
      "password": "pbkdf2_sha256$260000$ZBo7vVyM82vaASvfB4znnU$d653ooRzvLTx9FTD+TLen4e1NLRQ19hUu3HcJscSep4=",
      "last_login": "2021-10-06T16:49:20.705Z",
      "is_superuser": false,
      "username": "frankc",
      "first_name": "",
      "last_name": "",
      "email": "",
      "is_staff": false,
      "is_active": true,
      "date_joined": "2021-10-06T16:30:12Z",
      "groups": [],
      "user_permissions": []
    }
  },
  {
    "model": "core.user",
    "pk": 5,
    "fields": {
      "password": "pbkdf2_sha256$260000$iHYcjUrwQUaMZN8Is9n9UE$z9L9vm91G+LqOa16WH1Lya173GO5mLqVEFnfPWGC8Z0=",
      "last_login": "2021-10-06T17:02:23.474Z",
      "is_superuser": false,
      "username": "mutenroshi",
      "first_name": "Kame",
      "last_name": "Senin",
      "email": "",
      "is_staff": true,
      "is_active": true,
      "date_joined": "2021-10-06T16:30:45Z",
      "groups": [],
      "user_permissions": []
    }
  },
  {
    "model": "core.course",
    "pk": 1,
    "fields": {
      "name": "DevLife"
    }
  },
  {
    "model": "core.offering",
    "pk": 1,
    "fields": {
      "course": 1,
      "description": "22/1"
    }
  },
  {
    "model": "core.enrollment",
    "pk": 1,
    "fields": {
      "student": 2,
      "offering": 1
    }
  },
  {
    "model": "core.enrollment",
    "pk": 2,
    "fields": {
      "student": 3,
      "offering": 1
    }
  },
  {
    "model": "core.enrollment",
    "pk": 3,
    "fields": {
      "student": 4,
      "offering": 1
    }
  },
  {
    "model": "core.exercise",
    "pk": 1,
    "fields": {
      "offering": 1,
      "slug": "aulas-while-exercises-aluno_com_duvidas",
      "url": "aulas/while/exercises/aluno_com_duvidas",
      "topic": "while",
      "group": "handout",
      "type": "CODE"
    }
  },
  {
    "model": "core.exercise",
    "pk": 2,
    "fields": {
      "offering": 1,
      "slug": "aulas-while-exercises-raiz_quadrada_por_subtracoes",
      "url": "aulas/while/exercises/raiz_quadrada_por_subtracoes",
      "topic": "while",
      "group": "handout",
      "type": "CODE"
    }
  },
  {
    "model": "core.exercise",
    "pk": 3,
    "fields": {
      "offering": 1,
      "slug": "aulas-while-0",
      "url": "aulas/while/",
      "topic": "while",
      "group": "handout",
      "type": "QUIZ"
    }
  },
  {
    "model": "core.exercise",
    "pk": 4,
    "fields": {
      "offering": 1,
      "slug": "aulas-while-1",
      "url": "aulas/while/",
      "topic": "while",
      "group": "handout",
      "type": "QUIZ"
    }
  },
  {
    "model": "core.exercise",
    "pk": 5,
    "fields": {
      "offering": 1,
      "slug": "aulas-while-2",
      "url": "aulas/while/",
      "topic": "while",
      "group": "handout",
      "type": "QUIZ"
    }
  },
  {
    "model": "core.exercise",
    "pk": 6,
    "fields": {
      "offering": 1,
      "slug": "aulas-while-3",
      "url": "aulas/while/",
      "topic": "while",
      "group": "handout",
      "type": "TEXT"
    }
  },
  {
    "model": "core.answer",
    "pk": 1,
    "fields": {
      "user": 4,
      "exercise": 3,
      "points": 1.0,
      "submission_date": "2021-10-06T16:46:06.796Z",
      "test_results": {
        "choice": 3,
        "num_choices": 4
      },
      "student_input": {}
    }
  },
  {
    "model": "core.answer",
    "pk": 2,
    "fields": {
      "user": 4,
      "exercise": 4,
      "points": 1.0,
      "submission_date": "2021-10-06T16:46:42.542Z",
      "test_results": {
        "choice": 1,
        "num_choices": 4
      },
      "student_input": {}
    }
  },
  {
    "model": "core.answer",
    "pk": 3,
    "fields": {
      "user": 4,
      "exercise": 5,
      "points": 1.0,
      "submission_date": "2021-10-06T16:46:47.433Z",
      "test_results": {
        "choice": 0,
        "num_choices": 4
      },
      "student_input": {}
    }
  },
  {
    "model": "core.answer",
    "pk": 4,
    "fields": {
      "user": 4,
      "exercise": 6,
      "points": 1.0,
      "submission_date": "2021-10-06T16:46:53.693Z",
      "test_results": {
        "text": "teste 123"
      },
      "student_input": {}
    }
  },
  {
    "model": "core.answer",
    "pk": 5,
    "fields": {
      "user": 3,
      "exercise": 3,
      "points": 1.0,
      "submission_date": "2021-10-06T16:51:55.934Z",
      "test_results": {
        "choice": 1,
        "num_choices": 4
      },
      "student_input": {}
    }
  },
  {
    "model": "core.answer",
    "pk": 6,
    "fields": {
      "user": 3,
      "exercise": 4,
      "points": 1.0,
      "submission_date": "2021-10-06T16:52:05.198Z",
      "test_results": {
        "choice": 0,
        "num_choices": 4
      },
      "student_input": {}
    }
  },
  {
    "model": "core.answer",
    "pk": 7,
    "fields": {
      "user": 3,
      "exercise": 5,
      "points": 1.0,
      "submission_date": "2021-10-06T16:52:10.416Z",
      "test_results": {
        "choice": 2,
        "num_choices": 4
      },
      "student_input": {}
    }
  },
  {
    "model": "core.answer",
    "pk": 8,
    "fields": {
      "user": 3,
      "exercise": 6,
      "points": 1.0,
      "submission_date": "2021-10-06T16:52:16.235Z",
      "test_results": {
        "text": "teste2"
      },
      "student_input": {}
    }
  },
  {
    "model": "core.answer",
    "pk": 9,
    "fields": {
      "user": 2,
      "exercise": 3,
      "points": 1.0,
      "submission_date": "2021-10-06T16:55:53.896Z",
      "test_results": {
        "choice": 1,
        "num_choices": 4
      },
      "student_input": {}
    }
  },
  {
    "model": "core.answer",
    "pk": 10,
    "fields": {
      "user": 2,
      "exercise": 4,
      "points": 1.0,
      "submission_date": "2021-10-06T16:56:03.936Z",
      "test_results": {
        "choice": 3,
        "num_choices": 4
      },
      "student_input": {}
    }
  },
  {
    "model": "core.answer",
    "pk": 11,
    "fields": {
      "user": 2,
      "exercise": 5,
      "points": 1.0,
      "submission_date": "2021-10-06T16:56:08.974Z",
      "test_results": {
        "choice": 1,
        "num_choices": 4
      },
      "student_input": {}
    }
  },
  {
    "model": "core.answer",
    "pk": 12,
    "fields": {
      "user": 2,
      "exercise": 6,
      "points": 1.0,
      "submission_date": "2021-10-06T16:56:14.171Z",
      "test_results": {
        "text": "rrere"
      },
      "student_input": {}
    }
  },
  {
    "model": "core.useranswersummary",
    "pk": 1,
    "fields": {
      "user": 4,
      "exercise": 3,
      "max_points": 1.0,
      "answer_count": 1,
      "latest": 1
    }
  },
  {
    "model": "core.useranswersummary",
    "pk": 2,
    "fields": {
      "user": 4,
      "exercise": 4,
      "max_points": 1.0,
      "answer_count": 1,
      "latest": 2
    }
  },
  {
    "model": "core.useranswersummary",
    "pk": 3,
    "fields": {
      "user": 4,
      "exercise": 5,
      "max_points": 1.0,
      "answer_count": 1,
      "latest": 3
    }
  },
  {
    "model": "core.useranswersummary",
    "pk": 4,
    "fields": {
      "user": 4,
      "exercise": 6,
      "max_points": 1.0,
      "answer_count": 1,
      "latest": 4
    }
  },
  {
    "model": "core.useranswersummary",
    "pk": 5,
    "fields": {
      "user": 3,
      "exercise": 3,
      "max_points": 1.0,
      "answer_count": 1,
      "latest": 5
    }
  },
  {
    "model": "core.useranswersummary",
    "pk": 6,
    "fields": {
      "user": 3,
      "exercise": 4,
      "max_points": 1.0,
      "answer_count": 1,
      "latest": 6
    }
  },
  {
    "model": "core.useranswersummary",
    "pk": 7,
    "fields": {
      "user": 3,
      "exercise": 5,
      "max_points": 1.0,
      "answer_count": 1,
      "latest": 7
    }
  },
  {
    "model": "core.useranswersummary",
    "pk": 8,
    "fields": {
      "user": 3,
      "exercise": 6,
      "max_points": 1.0,
      "answer_count": 1,
      "latest": 8
    }
  },
  {
    "model": "core.useranswersummary",
    "pk": 9,
    "fields": {
      "user": 2,
      "exercise": 3,
      "max_points": 1.0,
      "answer_count": 1,
      "latest": 9
    }
  },
  {
    "model": "core.useranswersummary",
    "pk": 10,
    "fields": {
      "user": 2,
      "exercise": 4,
      "max_points": 1.0,
      "answer_count": 1,
      "latest": 10
    }
  },
  {
    "model": "core.useranswersummary",
    "pk": 11,
    "fields": {
      "user": 2,
      "exercise": 5,
      "max_points": 1.0,
      "answer_count": 1,
      "latest": 11
    }
  },
  {
    "model": "core.useranswersummary",
    "pk": 12,
    "fields": {
      "user": 2,
      "exercise": 6,
      "max_points": 1.0,
      "answer_count": 1,
      "latest": 12
    }
  },
  {
    "model": "admin.logentry",
    "pk": 1,
    "fields": {
      "action_time": "2021-10-06T16:28:08.561Z",
      "user": 1,
      "content_type": 10,
      "object_id": "2",
      "object_repr": "leroyj",
      "action_flag": 1,
      "change_message": "[{\"added\": {}}]"
    }
  },
  {
    "model": "admin.logentry",
    "pk": 2,
    "fields": {
      "action_time": "2021-10-06T16:28:26.268Z",
      "user": 1,
      "content_type": 1,
      "object_id": "2",
      "object_repr": "leroyj",
      "action_flag": 2,
      "change_message": "[{\"changed\": {\"fields\": [\"First name\", \"Last name\"]}}]"
    }
  },
  {
    "model": "admin.logentry",
    "pk": 3,
    "fields": {
      "action_time": "2021-10-06T16:29:08.684Z",
      "user": 1,
      "content_type": 10,
      "object_id": "3",
      "object_repr": "karenp",
      "action_flag": 1,
      "change_message": "[{\"added\": {}}]"
    }
  },
  {
    "model": "admin.logentry",
    "pk": 4,
    "fields": {
      "action_time": "2021-10-06T16:29:11.788Z",
      "user": 1,
      "content_type": 1,
      "object_id": "3",
      "object_repr": "karenp",
      "action_flag": 2,
      "change_message": "[]"
    }
  },
  {
    "model": "admin.logentry",
    "pk": 5,
    "fields": {
      "action_time": "2021-10-06T16:30:13.196Z",
      "user": 1,
      "content_type": 10,
      "object_id": "4",
      "object_repr": "frankc",
      "action_flag": 1,
      "change_message": "[{\"added\": {}}]"
    }
  },
  {
    "model": "admin.logentry",
    "pk": 6,
    "fields": {
      "action_time": "2021-10-06T16:30:16.446Z",
      "user": 1,
      "content_type": 1,
      "object_id": "4",
      "object_repr": "frankc",
      "action_flag": 2,
      "change_message": "[]"
    }
  },
  {
    "model": "admin.logentry",
    "pk": 7,
    "fields": {
      "action_time": "2021-10-06T16:30:45.937Z",
      "user": 1,
      "content_type": 9,
      "object_id": "5",
      "object_repr": "mutenroshi",
      "action_flag": 1,
      "change_message": "[{\"added\": {}}]"
    }
  },
  {
    "model": "admin.logentry",
    "pk": 8,
    "fields": {
      "action_time": "2021-10-06T16:31:20.798Z",
      "user": 1,
      "content_type": 1,
      "object_id": "5",
      "object_repr": "mutenroshi",
      "action_flag": 2,
      "change_message": "[{\"changed\": {\"fields\": [\"First name\", \"Last name\"]}}]"
    }
  },
  {
    "model": "admin.logentry",
    "pk": 9,
    "fields": {
      "action_time": "2021-10-06T16:34:21.871Z",
      "user": 1,
      "content_type": 2,
      "object_id": "1",
      "object_repr": "DevLife",
      "action_flag": 1,
      "change_message": "[{\"added\": {}}]"
    }
  },
  {
    "model": "admin.logentry",
    "pk": 10,
    "fields": {
      "action_time": "2021-10-06T16:34:26.125Z",
      "user": 1,
      "content_type": 3,
      "object_id": "1",
      "object_repr": "DevLife22/1",
      "action_flag": 1,
      "change_message": "[{\"added\": {}}]"
    }
  },
  {
    "model": "admin.logentry",
    "pk": 11,
    "fields": {
      "action_time": "2021-10-06T16:41:54.662Z",
      "user": 1,
      "content_type": 6,
      "object_id": "1",
      "object_repr": "Enrollment object (1)",
      "action_flag": 1,
      "change_message": "[{\"added\": {}}]"
    }
  },
  {
    "model": "admin.logentry",
    "pk": 12,
    "fields": {
      "action_time": "2021-10-06T16:42:00.126Z",
      "user": 1,
      "content_type": 6,
      "object_id": "2",
      "object_repr": "Enrollment object (2)",
      "action_flag": 1,
      "change_message": "[{\"added\": {}}]"
    }
  },
  {
    "model": "admin.logentry",
    "pk": 13,
    "fields": {
      "action_time": "2021-10-06T16:42:06.947Z",
      "user": 1,
      "content_type": 6,
      "object_id": "3",
      "object_repr": "Enrollment object (3)",
      "action_flag": 1,
      "change_message": "[{\"added\": {}}]"
    }
  },
  {
    "model": "auth.permission",
    "pk": 1,
    "fields": {
      "name": "Can add user",
      "content_type": 1,
      "codename": "add_user"
    }
  },
  {
    "model": "auth.permission",
    "pk": 2,
    "fields": {
      "name": "Can change user",
      "content_type": 1,
      "codename": "change_user"
    }
  },
  {
    "model": "auth.permission",
    "pk": 3,
    "fields": {
      "name": "Can delete user",
      "content_type": 1,
      "codename": "delete_user"
    }
  },
  {
    "model": "auth.permission",
    "pk": 4,
    "fields": {
      "name": "Can view user",
      "content_type": 1,
      "codename": "view_user"
    }
  },
  {
    "model": "auth.permission",
    "pk": 5,
    "fields": {
      "name": "Can add course",
      "content_type": 2,
      "codename": "add_course"
    }
  },
  {
    "model": "auth.permission",
    "pk": 6,
    "fields": {
      "name": "Can change course",
      "content_type": 2,
      "codename": "change_course"
    }
  },
  {
    "model": "auth.permission",
    "pk": 7,
    "fields": {
      "name": "Can delete course",
      "content_type": 2,
      "codename": "delete_course"
    }
  },
  {
    "model": "auth.permission",
    "pk": 8,
    "fields": {
      "name": "Can view course",
      "content_type": 2,
      "codename": "view_course"
    }
  },
  {
    "model": "auth.permission",
    "pk": 9,
    "fields": {
      "name": "Can add offering",
      "content_type": 3,
      "codename": "add_offering"
    }
  },
  {
    "model": "auth.permission",
    "pk": 10,
    "fields": {
      "name": "Can change offering",
      "content_type": 3,
      "codename": "change_offering"
    }
  },
  {
    "model": "auth.permission",
    "pk": 11,
    "fields": {
      "name": "Can delete offering",
      "content_type": 3,
      "codename": "delete_offering"
    }
  },
  {
    "model": "auth.permission",
    "pk": 12,
    "fields": {
      "name": "Can view offering",
      "content_type": 3,
      "codename": "view_offering"
    }
  },
  {
    "model": "auth.permission",
    "pk": 13,
    "fields": {
      "name": "Can add exercise",
      "content_type": 4,
      "codename": "add_exercise"
    }
  },
  {
    "model": "auth.permission",
    "pk": 14,
    "fields": {
      "name": "Can change exercise",
      "content_type": 4,
      "codename": "change_exercise"
    }
  },
  {
    "model": "auth.permission",
    "pk": 15,
    "fields": {
      "name": "Can delete exercise",
      "content_type": 4,
      "codename": "delete_exercise"
    }
  },
  {
    "model": "auth.permission",
    "pk": 16,
    "fields": {
      "name": "Can view exercise",
      "content_type": 4,
      "codename": "view_exercise"
    }
  },
  {
    "model": "auth.permission",
    "pk": 17,
    "fields": {
      "name": "Can add teaches",
      "content_type": 5,
      "codename": "add_teaches"
    }
  },
  {
    "model": "auth.permission",
    "pk": 18,
    "fields": {
      "name": "Can change teaches",
      "content_type": 5,
      "codename": "change_teaches"
    }
  },
  {
    "model": "auth.permission",
    "pk": 19,
    "fields": {
      "name": "Can delete teaches",
      "content_type": 5,
      "codename": "delete_teaches"
    }
  },
  {
    "model": "auth.permission",
    "pk": 20,
    "fields": {
      "name": "Can view teaches",
      "content_type": 5,
      "codename": "view_teaches"
    }
  },
  {
    "model": "auth.permission",
    "pk": 21,
    "fields": {
      "name": "Can add enrollment",
      "content_type": 6,
      "codename": "add_enrollment"
    }
  },
  {
    "model": "auth.permission",
    "pk": 22,
    "fields": {
      "name": "Can change enrollment",
      "content_type": 6,
      "codename": "change_enrollment"
    }
  },
  {
    "model": "auth.permission",
    "pk": 23,
    "fields": {
      "name": "Can delete enrollment",
      "content_type": 6,
      "codename": "delete_enrollment"
    }
  },
  {
    "model": "auth.permission",
    "pk": 24,
    "fields": {
      "name": "Can view enrollment",
      "content_type": 6,
      "codename": "view_enrollment"
    }
  },
  {
    "model": "auth.permission",
    "pk": 25,
    "fields": {
      "name": "Can add answer",
      "content_type": 7,
      "codename": "add_answer"
    }
  },
  {
    "model": "auth.permission",
    "pk": 26,
    "fields": {
      "name": "Can change answer",
      "content_type": 7,
      "codename": "change_answer"
    }
  },
  {
    "model": "auth.permission",
    "pk": 27,
    "fields": {
      "name": "Can delete answer",
      "content_type": 7,
      "codename": "delete_answer"
    }
  },
  {
    "model": "auth.permission",
    "pk": 28,
    "fields": {
      "name": "Can view answer",
      "content_type": 7,
      "codename": "view_answer"
    }
  },
  {
    "model": "auth.permission",
    "pk": 29,
    "fields": {
      "name": "Can add user answer summary",
      "content_type": 8,
      "codename": "add_useranswersummary"
    }
  },
  {
    "model": "auth.permission",
    "pk": 30,
    "fields": {
      "name": "Can change user answer summary",
      "content_type": 8,
      "codename": "change_useranswersummary"
    }
  },
  {
    "model": "auth.permission",
    "pk": 31,
    "fields": {
      "name": "Can delete user answer summary",
      "content_type": 8,
      "codename": "delete_useranswersummary"
    }
  },
  {
    "model": "auth.permission",
    "pk": 32,
    "fields": {
      "name": "Can view user answer summary",
      "content_type": 8,
      "codename": "view_useranswersummary"
    }
  },
  {
    "model": "auth.permission",
    "pk": 33,
    "fields": {
      "name": "Can add Instructor",
      "content_type": 9,
      "codename": "add_instructor"
    }
  },
  {
    "model": "auth.permission",
    "pk": 34,
    "fields": {
      "name": "Can change Instructor",
      "content_type": 9,
      "codename": "change_instructor"
    }
  },
  {
    "model": "auth.permission",
    "pk": 35,
    "fields": {
      "name": "Can delete Instructor",
      "content_type": 9,
      "codename": "delete_instructor"
    }
  },
  {
    "model": "auth.permission",
    "pk": 36,
    "fields": {
      "name": "Can view Instructor",
      "content_type": 9,
      "codename": "view_instructor"
    }
  },
  {
    "model": "auth.permission",
    "pk": 37,
    "fields": {
      "name": "Can add Student",
      "content_type": 10,
      "codename": "add_student"
    }
  },
  {
    "model": "auth.permission",
    "pk": 38,
    "fields": {
      "name": "Can change Student",
      "content_type": 10,
      "codename": "change_student"
    }
  },
  {
    "model": "auth.permission",
    "pk": 39,
    "fields": {
      "name": "Can delete Student",
      "content_type": 10,
      "codename": "delete_student"
    }
  },
  {
    "model": "auth.permission",
    "pk": 40,
    "fields": {
      "name": "Can view Student",
      "content_type": 10,
      "codename": "view_student"
    }
  },
  {
    "model": "auth.permission",
    "pk": 41,
    "fields": {
      "name": "Can add log entry",
      "content_type": 11,
      "codename": "add_logentry"
    }
  },
  {
    "model": "auth.permission",
    "pk": 42,
    "fields": {
      "name": "Can change log entry",
      "content_type": 11,
      "codename": "change_logentry"
    }
  },
  {
    "model": "auth.permission",
    "pk": 43,
    "fields": {
      "name": "Can delete log entry",
      "content_type": 11,
      "codename": "delete_logentry"
    }
  },
  {
    "model": "auth.permission",
    "pk": 44,
    "fields": {
      "name": "Can view log entry",
      "content_type": 11,
      "codename": "view_logentry"
    }
  },
  {
    "model": "auth.permission",
    "pk": 45,
    "fields": {
      "name": "Can add permission",
      "content_type": 12,
      "codename": "add_permission"
    }
  },
  {
    "model": "auth.permission",
    "pk": 46,
    "fields": {
      "name": "Can change permission",
      "content_type": 12,
      "codename": "change_permission"
    }
  },
  {
    "model": "auth.permission",
    "pk": 47,
    "fields": {
      "name": "Can delete permission",
      "content_type": 12,
      "codename": "delete_permission"
    }
  },
  {
    "model": "auth.permission",
    "pk": 48,
    "fields": {
      "name": "Can view permission",
      "content_type": 12,
      "codename": "view_permission"
    }
  },
  {
    "model": "auth.permission",
    "pk": 49,
    "fields": {
      "name": "Can add group",
      "content_type": 13,
      "codename": "add_group"
    }
  },
  {
    "model": "auth.permission",
    "pk": 50,
    "fields": {
      "name": "Can change group",
      "content_type": 13,
      "codename": "change_group"
    }
  },
  {
    "model": "auth.permission",
    "pk": 51,
    "fields": {
      "name": "Can delete group",
      "content_type": 13,
      "codename": "delete_group"
    }
  },
  {
    "model": "auth.permission",
    "pk": 52,
    "fields": {
      "name": "Can view group",
      "content_type": 13,
      "codename": "view_group"
    }
  },
  {
    "model": "auth.permission",
    "pk": 53,
    "fields": {
      "name": "Can add content type",
      "content_type": 14,
      "codename": "add_contenttype"
    }
  },
  {
    "model": "auth.permission",
    "pk": 54,
    "fields": {
      "name": "Can change content type",
      "content_type": 14,
      "codename": "change_contenttype"
    }
  },
  {
    "model": "auth.permission",
    "pk": 55,
    "fields": {
      "name": "Can delete content type",
      "content_type": 14,
      "codename": "delete_contenttype"
    }
  },
  {
    "model": "auth.permission",
    "pk": 56,
    "fields": {
      "name": "Can view content type",
      "content_type": 14,
      "codename": "view_contenttype"
    }
  },
  {
    "model": "auth.permission",
    "pk": 57,
    "fields": {
      "name": "Can add session",
      "content_type": 15,
      "codename": "add_session"
    }
  },
  {
    "model": "auth.permission",
    "pk": 58,
    "fields": {
      "name": "Can change session",
      "content_type": 15,
      "codename": "change_session"
    }
  },
  {
    "model": "auth.permission",
    "pk": 59,
    "fields": {
      "name": "Can delete session",
      "content_type": 15,
      "codename": "delete_session"
    }
  },
  {
    "model": "auth.permission",
    "pk": 60,
    "fields": {
      "name": "Can view session",
      "content_type": 15,
      "codename": "view_session"
    }
  },
  {
    "model": "auth.permission",
    "pk": 61,
    "fields": {
      "name": "Can add Token",
      "content_type": 16,
      "codename": "add_token"
    }
  },
  {
    "model": "auth.permission",
    "pk": 62,
    "fields": {
      "name": "Can change Token",
      "content_type": 16,
      "codename": "change_token"
    }
  },
  {
    "model": "auth.permission",
    "pk": 63,
    "fields": {
      "name": "Can delete Token",
      "content_type": 16,
      "codename": "delete_token"
    }
  },
  {
    "model": "auth.permission",
    "pk": 64,
    "fields": {
      "name": "Can view Token",
      "content_type": 16,
      "codename": "view_token"
    }
  },
  {
    "model": "auth.permission",
    "pk": 65,
    "fields": {
      "name": "Can add token",
      "content_type": 17,
      "codename": "add_tokenproxy"
    }
  },
  {
    "model": "auth.permission",
    "pk": 66,
    "fields": {
      "name": "Can change token",
      "content_type": 17,
      "codename": "change_tokenproxy"
    }
  },
  {
    "model": "auth.permission",
    "pk": 67,
    "fields": {
      "name": "Can delete token",
      "content_type": 17,
      "codename": "delete_tokenproxy"
    }
  },
  {
    "model": "auth.permission",
    "pk": 68,
    "fields": {
      "name": "Can view token",
      "content_type": 17,
      "codename": "view_tokenproxy"
    }
  },
  {
    "model": "contenttypes.contenttype",
    "pk": 1,
    "fields": {
      "app_label": "core",
      "model": "user"
    }
  },
  {
    "model": "contenttypes.contenttype",
    "pk": 2,
    "fields": {
      "app_label": "core",
      "model": "course"
    }
  },
  {
    "model": "contenttypes.contenttype",
    "pk": 3,
    "fields": {
      "app_label": "core",
      "model": "offering"
    }
  },
  {
    "model": "contenttypes.contenttype",
    "pk": 4,
    "fields": {
      "app_label": "core",
      "model": "exercise"
    }
  },
  {
    "model": "contenttypes.contenttype",
    "pk": 5,
    "fields": {
      "app_label": "core",
      "model": "teaches"
    }
  },
  {
    "model": "contenttypes.contenttype",
    "pk": 6,
    "fields": {
      "app_label": "core",
      "model": "enrollment"
    }
  },
  {
    "model": "contenttypes.contenttype",
    "pk": 7,
    "fields": {
      "app_label": "core",
      "model": "answer"
    }
  },
  {
    "model": "contenttypes.contenttype",
    "pk": 8,
    "fields": {
      "app_label": "core",
      "model": "useranswersummary"
    }
  },
  {
    "model": "contenttypes.contenttype",
    "pk": 9,
    "fields": {
      "app_label": "core",
      "model": "instructor"
    }
  },
  {
    "model": "contenttypes.contenttype",
    "pk": 10,
    "fields": {
      "app_label": "core",
      "model": "student"
    }
  },
  {
    "model": "contenttypes.contenttype",
    "pk": 11,
    "fields": {
      "app_label": "admin",
      "model": "logentry"
    }
  },
  {
    "model": "contenttypes.contenttype",
    "pk": 12,
    "fields": {
      "app_label": "auth",
      "model": "permission"
    }
  },
  {
    "model": "contenttypes.contenttype",
    "pk": 13,
    "fields": {
      "app_label": "auth",
      "model": "group"
    }
  },
  {
    "model": "contenttypes.contenttype",
    "pk": 14,
    "fields": {
      "app_label": "contenttypes",
      "model": "contenttype"
    }
  },
  {
    "model": "contenttypes.contenttype",
    "pk": 15,
    "fields": {
      "app_label": "sessions",
      "model": "session"
    }
  },
  {
    "model": "contenttypes.contenttype",
    "pk": 16,
    "fields": {
      "app_label": "authtoken",
      "model": "token"
    }
  },
  {
    "model": "contenttypes.contenttype",
    "pk": 17,
    "fields": {
      "app_label": "authtoken",
      "model": "tokenproxy"
    }
  },
  {
    "model": "sessions.session",
    "pk": "6so2kakjmaofr6m4d4bybjgbs0ipbemt",
    "fields": {
      "session_data": ".eJxVjEEOwiAQRe_C2pBhSqG4dO8ZmmEYbNVAUtqV8e7apAvd_vfef6mRtnUatybLOCd1Vr06_W6R-CFlB-lO5VY117Iuc9S7og_a9LUmeV4O9-9gojZ965yRRQx1nsFxcgZBHGRKFBBs55EhWYs-BJR-8GAl9jygRxstDKZT7w_tPzc0:1mYAJD:cYCD97It3O1PdbJmHSwo8giHNzDCLSECdcep1yQrN98",
      "expire_date": "2021-10-20T17:02:23.482Z"
    }
  },
  {
    "model": "sessions.session",
    "pk": "b1rpcsd7v6rn4vewmml6yw941m6v6a5y",
    "fields": {
      "session_data": ".eJxVjEEOwiAQRe_C2pCh0Ax16d4zkGGGStXQpLSrxrtLky50-997f1eBtjWHraYlTKKuyqjL7xaJX6kcQJ5UHrPmuazLFPWh6JNWfZ8lvW-n-3eQqeZWO0fWsjMoI6IQGR8HMBYBexALfuyAIjsPrjeIvhtSbMgKNImtYfX5Ar2zNpA:1mY9li:vX1qG5mWDkNH4r6eGdulwVN8ItMHLA1Hv4CMJIwE71k",
      "expire_date": "2021-10-20T16:27:46.461Z"
    }
  },
  {
    "model": "sessions.session",
    "pk": "mvnzz6i96mh9h1a66za2q4vnufpuufn7",
    "fields": {
      "session_data": ".eJxVjMEOwiAQRP-FsyEV3EI9eu83kF12kaqBpLQn47_bJj3oZQ7z3sxbBVyXHNYmc5hYXdVFnX47wviUsgN-YLlXHWtZ5on0ruiDNj1WltftcP8OMra8rckSORY03XkQBE4MdgtMwN5YcFFAes8A3iNy7E30lMAaZGI3dEZ9viUQOVc:1mYA6a:4vp3YeCvXNpudma8vQ6zYHJDeRiWeeRnjEC0e0MxrUE",
      "expire_date": "2021-10-20T16:49:20.713Z"
    }
  }
]